,Factor1,Factor2,Factor3
temperature_c,-0.5465542656150194,0.123163888404236,-0.007783466128670244
humidity,0.015202143916523074,0.03338044211556411,0.16120826991287737
rain_mm,-0.04799020102359151,0.12008015402932981,0.21713767295755124
wind_speed_kmh,0.13217838265586995,0.1699601975318645,0.2634311998622502
visibility_m,-0.04210023357635374,0.24315260609473402,0.006655328883435413
vehicle_count,0.1025015825461654,0.1764328721388479,-0.05818150740825817
avg_speed_kmh,0.1942878328494738,0.3345274912872162,-0.15850878340781752
accident_count,0.07865606136852965,-0.10644050740440972,0.08559229759116087
