area,degree,degree_centrality,betweenness_centrality,closeness_centrality,pagerank,clustering_coefficient,community,avg_weather_severity,avg_traffic_intensity,avg_temperature,avg_humidity,avg_rain,avg_wind,avg_visibility,avg_vehicles,avg_speed,total_accidents
Westminster,3,0.42857142857142855,0.14285714285714285,0.7090858917919113,0.17455223774743206,0.0,0,21.10693864813955,974.1969089444844,15.137931034482758,63.58620689655172,24.06022988505747,43.1183908045977,6502.971264367816,2432.574712643678,66.51988505747126,403.0
Hammersmith,3,0.42857142857142855,0.14285714285714285,0.6744512669167275,0.17364323048556118,0.0,0,20.134201968722884,973.8144338122983,15.126060606060607,53.28787878787879,23.814696969696968,38.37287878787879,6560.757575757576,2431.7727272727275,60.92060606060606,289.0
Camden,3,0.42857142857142855,0.14285714285714285,0.6058756708567261,0.17125620367967703,0.2345581463390821,1,19.671886440745276,921.1790552896044,14.186818181818182,61.78787878787879,21.064393939393938,42.592121212121214,5342.94696969697,2300.530303030303,63.74363636363636,253.0
Chelsea,3,0.42857142857142855,0.14285714285714285,0.6332969295559535,0.14814753302955563,0.2345581463390821,1,19.950045652631353,1052.1054864957187,15.958783783783785,56.08108108108108,22.087567567567568,42.61675675675676,6301.027027027027,2627.0675675675675,68.8445945945946,376.0
Southwark,2,0.2857142857142857,0.09523809523809523,0.5492586229669688,0.10421696401558894,0.0,0,20.726283702885002,967.7104897287788,13.458405797101449,62.10144927536232,24.48246376811594,43.44101449275363,6591.507246376812,2416.31884057971,66.99130434782609,324.0
Hackney,2,0.2857142857142857,0.0,0.5124147434610494,0.10369255429956233,0.7036744390172462,1,20.086655915837284,997.2635439297675,14.3428,59.74666666666667,25.381999999999998,37.38746666666667,6445.193333333334,2490.306666666667,65.02973333333333,340.0
Islington,2,0.2857142857142857,0.09523809523809523,0.5282566816438038,0.103512255763602,0.0,0,20.696286597344717,5235.623486945863,16.85098765432099,60.925925925925924,24.468888888888888,41.35111111111111,6691.148148148148,2283.740740740741,61.824691358024694,366.0
Kensington,0,0.0,0.0,0.0,0.020979020979020983,0.0,2,20.413633253718388,1045.2309040319865,14.080588235294117,60.205882352941174,24.319411764705883,41.67323529411765,6367.176470588235,2609.8088235294117,58.85058823529412,353.0
