Scenario,Occurrences,Percentage,Avg_Congestion_Prob,Avg_Accident_Prob,Congestion_Rate,Accident_Rate
Strong Winds,4271,42.71,0.7202218684148912,0.3182251229220323,0.7288691173027394,0.3135097166939827
Heavy Rain,5536,55.36,0.7014672507225433,0.3150296242774567,0.7028540462427746,0.31484826589595377
Temperature Extremes,2129,21.29,0.6832163926726162,0.3029362141850634,0.6843588539220291,0.31000469704086425
High Humidity,2171,21.709999999999997,0.6664736526946108,0.2996417779824965,0.685398433901428,0.3067710732381391
